name,role,company,industry,location,linkedin_bio
"Ava Patel","Head of Growth","FlowMetrics","B2B SaaS","San Francisco, CA","Scaling B2B SaaS companies from $1M to $10M ARR. Passionate about data-driven growth strategies and automated outreach."
"Marcus Chen","CEO","TechVentures Inc","Software","Austin, TX","Serial entrepreneur building enterprise software solutions. Looking to 10x our sales efficiency."
"Sarah Johnson","Marketing Manager","RetailPlus","E-commerce","New York, NY","Digital marketing professional focused on customer acquisition and retention strategies."
"David Kim","VP Sales","CloudSync","B2B SaaS","Seattle, WA","Building high-performing sales teams. Interested in AI-powered tools to boost productivity."
"Emily Rodriguez","Junior Developer","StartupXYZ","Technology","Miami, FL","Full-stack developer passionate about building scalable web applications."
"James Wilson","Director of Operations","LogisticsCorp","Logistics","Chicago, IL","Optimizing supply chain operations through technology and automation."
"Lisa Thompson","CMO","GrowthLabs","Digital Marketing","Los Angeles, CA","Marketing executive driving growth through innovative campaigns and automation."
"Robert Brown","Sales Representative","LocalServices","Services","Houston, TX","Connecting businesses with local service providers."
"Jennifer Lee","CTO","DataInsights","Technology","Boston, MA","Building AI-powered analytics platforms for enterprise clients. Need better outreach tools."
"Michael Davis","Product Manager","FinanceApp","Fintech","Denver, CO","Creating innovative financial products for millennials and Gen Z."
"Amanda White","Head of Sales","MarketPro","B2B SaaS","Portland, OR","Leading sales transformation initiatives. Exploring AI solutions for lead generation."
"Christopher Moore","Consultant","Advisory Partners","Consulting","Washington, DC","Helping companies scale their go-to-market strategies."
"Jessica Taylor","Senior Manager","EnterpriseSOL","IT Services","Phoenix, AZ","Managing enterprise software implementations and digital transformations."
"Daniel Anderson","Founder","InnovateTech","Software","San Diego, CA","Building the future of B2B sales automation. Always looking for cutting-edge tools."
"Michelle Garcia","Operations Lead","StartupHub","Technology","Nashville, TN","Streamlining operations for high-growth startups."
"Kevin Martinez","Business Analyst","CorpAnalytics","Analytics","Atlanta, GA","Analyzing business processes and recommending improvements."
"Rachel Adams","VP Marketing","ScaleUp Inc","B2B SaaS","Salt Lake City, UT","Driving demand generation for SaaS products. Need to automate our outreach."
"Thomas Wright","Account Executive","SalesForce Pro","Sales","Philadelphia, PA","Closing enterprise deals and building lasting client relationships."
"Nicole Clark","Chief Revenue Officer","RevenuePlus","B2B SaaS","Minneapolis, MN","Accelerating revenue growth through innovative sales strategies and AI adoption."
"Brian Hall","IT Manager","TechSupport Co","IT Services","Tampa, FL","Managing IT infrastructure and exploring new business tools."
"Stephanie Lewis","Growth Hacker","StartupGrowth","Technology","Raleigh, NC","Experimenting with growth strategies and automation tools."
"Jason Walker","Principal Consultant","Strategic Advisors","Consulting","San Jose, CA","Advising B2B companies on sales and marketing optimization."
"Laura Robinson","Director of Sales","SoftwareFirst","Software","Detroit, MI","Building scalable sales processes. Interested in AI-powered outreach solutions."
"Eric Young","Marketing Director","BrandBuilders","Marketing","Charlotte, NC","Creating brand strategies that drive business growth."
"Anna King","COO","OperationsMax","B2B SaaS","Columbus, OH","Optimizing operations for maximum efficiency. Looking for sales automation tools."